"gc_content","RNA_type","RNA_region","exon_length","distance_to_junction","evolutionary_conservation","DNA_5mer"
0.427860696517413,"mRNA","3'UTR",9.58088664545524,3.70043971814109,0.543283582089552,"TAACT"
0.462686567164179,"mRNA","CDS",7.20945336562895,6.04439411935845,0.754726368159204,"GGACA"
0.557213930348259,"mRNA","CDS",6.58496250072116,5.35755200461808,0.485572139303483,"ATAAG"
0.577114427860697,"mRNA","3'UTR",9.94251450533924,7,0.397014925373134,"GGACT"
0.641791044776119,"mRNA","CDS",6.55458885167764,5.28540221886225,0.47910447761194,"AGAGC"
0.467661691542289,"mRNA","3'UTR",6.35755200461808,4.8073549220576,0.434328358208955,"AGACT"
0.567164179104478,"lncRNA","intron",8.30833903013941,3.32192809488736,0.000995024875621891,"GGACT"
0.343283582089552,"mRNA","CDS",6.88264304936184,5.58496250072116,0.658208955223881,"GAACC"
0.393034825870647,"mRNA","3'UTR",12.2464437171173,11.5849625007212,0.129353233830846,"GAACA"
0.432835820895522,"mRNA","CDS",6.94251450533924,5.12928301694497,0.670646766169154,"GAACA"
0.54726368159204,"mRNA","3'UTR",12.8197799318385,8.02236781302845,0.0129353233830846,"AAACA"
0.353233830845771,"mRNA","intron",9.85174904141606,7.08746284125034,0.00298507462686567,"GAACT"
0.63681592039801,"mRNA","intron",10.5783726913608,10.2384047393251,0.00895522388059702,"GGACT"
0.492537313432836,"mRNA","CDS",9.24436383512051,7.31288295528436,0.775621890547264,"GAACC"
0.447761194029851,"mRNA","3'UTR",12.2428763671664,7.38370429247405,0.0119402985074627,"AAACC"
0.507462686567164,"mRNA","CDS",7.85174904141606,5.24792751344359,0.48407960199005,"TAACC"
0.517412935323383,"mRNA","CDS",7.92679015304622,5.16992500144231,0.650746268656716,"AGACT"
0.552238805970149,"mRNA","3'UTR",10.6981258523028,8.14974711950468,0.0955223880597015,"GGACA"
0.557213930348259,"mRNA","CDS",7.08746284125034,4.90689059560852,0.510945273631841,"GAACC"
0.522388059701492,"mRNA","CDS",7.03342300153745,5.08746284125034,0.601492537313433,"AGACT"
0.378109452736318,"mRNA","CDS",6.94251450533924,5.4262647547021,0.716417910447761,"TGACT"
0.552238805970149,"mRNA","intron",0,8.55074678538324,0.0174129353233831,"AAACT"
0.45273631840796,"lncRNA","intron",10.8217739819706,13.8244615851975,0.815422885572139,"GGACT"
0.63681592039801,"mRNA","intron",8.84862294042934,5.70043971814109,0.217910447761194,"GAACC"
0.54228855721393,"mRNA","3'UTR",12.0059753565004,10.9541963103869,0.0472636815920398,"TGACA"
0.293532338308458,"mRNA","3'UTR",10.0861362250273,9.54496443278924,0.00348258706467662,"GTACA"
0.646766169154229,"mRNA","3'UTR",10.5313814605163,8.7515440590891,0.00796019900497513,"AGACC"
0.681592039800995,"mRNA","5'UTR",7.96434086779242,4.8073549220576,0.0328358208955224,"AAACC"
0.45771144278607,"mRNA","CDS",7.17990909001493,4.16992500144231,0.52636815920398,"GAACT"
0.36318407960199,"mRNA","3'UTR",12.8728672267866,12.3616696794928,0.0646766169154229,"GGACA"
0.616915422885572,"mRNA","3'UTR",7.27379559921426,6.14974711950468,0.629850746268657,"AGACA"
0.507462686567164,"mRNA","3'UTR",13.0336810942137,12.8792003179474,0.0442786069651741,"GGACA"
0.557213930348259,"lncRNA","intron",12.0920964149908,9.54109661534952,0.00895522388059702,"TGACT"
0.577114427860697,"mRNA","CDS",7.72451385311995,5.24792751344359,0.60547263681592,"TGACC"
0.7109375,"mRNA","5'UTR",8.18487534290828,7.64385618977472,0.354228855721393,"TGACA"
0.45771144278607,"mRNA","3'UTR",11.6792601597168,7.92481250360578,0.00497512437810945,"TGACC"
0.442786069651741,"mRNA","3'UTR",8.7714894695006,6.98868468677217,0.000497512437810945,"AGACT"
0.532338308457711,"mRNA","5'UTR",10.4532706340106,6.74146698640115,0.165174129353234,"AAACT"
0.572139303482587,"mRNA","CDS",8.61579189249781,4.8073549220576,0,"GGATT"
0.557213930348259,"mRNA","5'UTR",8.12023787734196,6.75488750216347,0.082089552238806,"ACATC"
0.721393034825871,"mRNA","CDS",10.7355560239115,7.63662462054365,0.414925373134328,"TGACA"
0.288557213930348,"mRNA","CDS",7.28231623898851,5.12928301694497,0.628358208955224,"AAACC"
0.592039800995025,"mRNA","CDS",6.83289001416474,4,0.554228855721393,"AAACA"
0.338308457711443,"mRNA","3'UTR",12.6209070958853,9.73809225962049,0.0218905472636816,"AAACC"
0.532338308457711,"mRNA","CDS",6.68650052718322,3,0.504975124378109,"AAACT"
0.432835820895522,"mRNA","3'UTR",7.12928301694497,5.88264304936184,0.661194029850746,"AAACT"
0.318407960199005,"mRNA","3'UTR",12.0546043179607,10.0620461377205,0.0129353233830846,"GGACT"
0.577114427860697,"lncRNA","intron",10.7013064619586,10.0237543532994,0.000995024875621891,"TGACC"
0.582089552238806,"mRNA","CDS",8.61838550225861,4.95419631038687,0.521393034825871,"TGACA"
0.661691542288557,"mRNA","3'UTR",10.032504964573,8.5077946401987,0.52636815920398,"TGACG"
0.442786069651741,"mRNA","5'UTR",10.3772105303886,7.70043971814109,0.86318407960199,"AGACA"
0.417910447761194,"mRNA","CDS",7.27239650903748,4.24792751344359,0.691542288557214,"TGACC"
0.587064676616915,"mRNA","CDS",7.71424551766612,5.90689059560852,0.590547263681592,"AGACC"
0.338308457711443,"mRNA","3'UTR",12.2115841530795,11.5274770060604,0.583084577114428,"TAACC"
0.716417910447761,"mRNA","5'UTR",9.68474862042163,9.3264294871223,0.207960199004975,"GGACC"
0.432835820895522,"mRNA","3'UTR",12.5600939576425,11.7702509273949,0.0756218905472637,"GAACT"
0.437810945273632,"mRNA","CDS",6.8073549220576,0,0.803482587064677,"AGAAA"
0.716417910447761,"lncRNA","intron",0,17.5231101242744,0.851243781094527,"GGACT"
0.557213930348259,"mRNA","intron",8.15987133677839,5.08746284125034,0.00298507462686567,"GAACT"
0.442786069651741,"mRNA","CDS",8.15818889339134,5.7279204545632,0.704477611940299,"GAACT"
0.661691542288557,"mRNA","CDS",10.8344710499842,9.52943055414615,0.719900497512437,"GGACC"
0.437810945273632,"mRNA","CDS",10.5449644327892,8.85486838326024,0.881094527363184,"GAACA"
0.427860696517413,"mRNA","3'UTR",8.12023787734196,5.39231742277876,0.61592039800995,"AGACT"
0.482587064676617,"mRNA","CDS",8.8376279331714,6.16992500144231,0.684577114427861,"GAACA"
0.502487562189055,"lncRNA","intron",11.2714630279044,12.1350679457778,0.919900497512438,"TAACC"
0.54228855721393,"lncRNA","intron",0,15.1553716686986,0.504477611940298,"GCATT"
0.587064676616915,"mRNA","CDS",11.7045521214623,8.18982455888002,0.325373134328358,"AAACC"
0.313432835820896,"mRNA","3'UTR",11.7096582481705,10.0375469539622,0.419402985074627,"TGACA"
0.323383084577114,"mRNA","3'UTR",13.0642375309714,8.85486838326024,0.209950248756219,"AAACT"
0.492537313432836,"mRNA","3'UTR",9.97584796800678,9.56985560833095,0.441791044776119,"TGACT"
0.402985074626866,"mRNA","5'UTR",10.3174126137649,7.62935662007961,0.328358208955224,"AAACT"
0.432835820895522,"lncRNA","intron",8.82654848729091,16.0637321201969,0.586567164179104,"GAACA"
0.398009950248756,"mRNA","3'UTR",12.182704710519,3.16992500144231,0.24726368159204,"GAACT"
0.766169154228856,"mRNA","CDS",8.93810932621924,7.62205181945638,0.728855721393035,"AGACG"
0.641791044776119,"mRNA","CDS",8.28231623898851,4.64385618977472,0.466666666666667,"TAACC"
0.447761194029851,"mRNA","CDS",10.4019461239765,9.34872815423108,0.886567164179105,"GGACA"
0.462686567164179,"mRNA","3'UTR",12.0265234425198,11.2288186904959,0.0393034825870647,"GAACC"
0.45273631840796,"mRNA","3'UTR",6.97727992349992,5.49185309632967,0.599004975124378,"GGACT"
0.353233830845771,"mRNA","3'UTR",14.350732041623,13.3758539764185,0.00895522388059702,"TGACT"
0.393034825870647,"mRNA","3'UTR",7.59991284218713,2.8073549220576,0.0492537313432836,"GGACA"
0.298507462686567,"mRNA","3'UTR",11.3303567169579,11.2088439907346,0.886069651741293,"TAACA"
0.393034825870647,"mRNA","CDS",5.78135971352466,4.70043971814109,0.344776119402985,"TGACT"
0.631840796019901,"mRNA","3'UTR",7.30073387261824,5.04439411935845,0.602985074626866,"TGACT"
0.432835820895522,"mRNA","3'UTR",11.8219732354811,9.97584796800678,0.17363184079602,"AAACT"
0.552238805970149,"mRNA","3'UTR",10.0814834380937,9.47370574961942,0,"AAACC"
0.373134328358209,"mRNA","5'UTR",9.69522829149575,8.19475685442225,0.969651741293532,"AAACT"
0.358208955223881,"lncRNA","intron",13.9751314569213,12.0154150523867,0.0398009950248756,"AGACA"
0.447761194029851,"mRNA","3'UTR",11.35149140932,9.10328780841202,0.0497512437810945,"GGACA"
0.492537313432836,"mRNA","3'UTR",12.8695938432408,10.4918530963297,0.0537313432835821,"GAACA"
0.447761194029851,"mRNA","CDS",8.75488750216347,6.4093909361377,0.812437810945274,"AGACC"
0.597014925373134,"mRNA","CDS",8.8008998999203,5.95419631038687,0.799502487562189,"GGACT"
0.706467661691542,"mRNA","3'UTR",9.60733031374961,7.876516946565,0.471641791044776,"GGACT"
0.353233830845771,"mRNA","CDS",7.91886323727459,4.24792751344359,0,"GGACA"
0.507462686567164,"lncRNA","intron",0,15.8212258928777,0.00248756218905473,"ATAAC"
0.462686567164179,"lncRNA","intron",10.2312211807112,17.4141484190416,0.95771144278607,"GGACT"
0.323383084577114,"mRNA","3'UTR",11.8933015308606,10.9936460600166,0.385572139303483,"TGACT"
0.45771144278607,"mRNA","3'UTR",7.31288295528436,6.02236781302845,0.939800995024876,"GAACT"
0.45273631840796,"mRNA","intron",10.6244908649078,5.8073549220576,0,"GGACA"
0.517412935323383,"mRNA","3'UTR",10.7681843247769,9.84705734609134,0.0154228855721393,"GAACT"
0.572139303482587,"mRNA","CDS",8.8206348622581,1.58496250072116,0.74179104477612,"TAACC"
